district,schl1,enrollment,asian_pct,black_pct,hispanic_pct,white_pct,pct_frl,ed_lesshs,positive_env,mathscore_gain_std
5914,6320,241,0.006920415,0,0,0.989619374,0.161512025,18.5,0,-1.045121325
239,155,514,0.017142856,0.179047614,0.032380953,0.735238075,0.349462375,16,1,-0.846501236
4319,3514,258,0,0,0.019083969,0.938931286,0.653198659,20.39999962,0,-0.146986051
3449,2842,320,0,0.015822785,0,0.958860755,0.226837054,23.29999924,0,-0.06412597
4209,3428,472,0.030425964,0,0.010141988,0.959432065,0,7.699999809,0,2.243462407
5929,6350,320,0,0,0,0.99701494,0.326283991,20.39999962,1,-0.929303566
3629,3030,247,0.003861004,0,0.003861004,0.961389959,0.194267511,15,0,0.798839438
4714,4442,521,0.00330033,0.11221122,0.364686459,0.407590747,0.479245275,24.39999962,1,-0.475945855
4349,3618,618,0.003095975,0,0.027863776,0.936532497,0.453900702,15.89999962,0,0.36001666
4149,3394,625,0.002159827,0.002159827,0.015118791,0.958963275,0.165384617,14.80000019,0,0.248639252
4714,4464,277,0.006849315,0.1369863,0.294520557,0.523972631,0.474820137,24.39999962,1,-0.973963077
4419,3658,427,0,0.004385965,0.168859646,0.826754391,0.43325527,17.5,0,-0.364775609
4664,3906,506,0.010373444,0.002074689,0.056016598,0.912863076,0.13653136,12.39999962,0,-0.366378164
1604,1190,378,0.005263158,0.002631579,0,0.981578946,0.338753387,21.79999924,0,-0.724130862
4664,3896,453,0.007920792,0.007920792,0.017821781,0.932673275,0.161764707,12.39999962,1,0.526258082
1014,858,423,0.004784689,0.160287082,0.011961723,0.715310991,0.395555563,20.5,0,-0.351934689
1014,748,476,0.009541985,0.143129766,0.032442749,0.734732807,0.25,20.5,0,-0.51621716
239,263,621,0.045662101,0.242009133,0.070015222,0.563165903,0.392366409,16,0,-0.60842096
259,78,455,0,0.00896861,0.006726457,0.948430479,0.211934164,16.89999962,1,-0.082461119
5279,5106,260,0,0.067729086,0.027888447,0.860557795,0.584362149,20,1,-0.402075307
5304,5182,564,0,0.117274165,0.017432647,0.833597481,0.296934862,21.29999924,0,1.226036184
129,38,499,0.038709678,0.019354839,0.019354839,0.901075244,0.018382353,3.799999952,1,0.955900983
3629,3028,558,0.001883239,0.001883239,0.013182675,0.939736366,0.255691767,15,1,0.039521085
3009,2463,591,0.051502146,0.090128757,0.025751073,0.758226037,0.086956521,3.299999952,0,0.923582829
3464,2886,285,0.012195121,0.05284553,0.036585364,0.81300813,0.272030655,13.80000019,1,0.39159171
4734,4320,654,0.004594181,0.006125574,0.098009191,0.833078086,0.189274445,15.69999981,1,0.715237481
759,634,551,0,0,0.104129262,0.888689399,0.468227416,19.20000076,1,-0.038165827
1904,1378,333,0,0.006060606,0,0.987878799,0.104166668,14.39999962,1,0.017588883
3474,2897,561,0.014059754,0.005272408,0.014059754,0.957820714,0.072487643,11.89999962,1,0.462376677
3699,3106,92,0,0,0,1,0.366972484,19.60000038,1,0.65655387
29,30,329,0.003021148,0.009063444,0.096676737,0.851963758,0.379603386,14.5,0,-0.457214972
4809,4686,484,0,0.017928287,0.087649405,0.888446212,0.202928863,16.5,0,-0.639372603
5364,5370,516,0.013358778,0.061068702,0.051526718,0.824427485,0.256097563,16.39999962,0,1.297530802
1014,864,417,0.009708738,0.223300964,0.024271844,0.650485456,0.441176489,20.5,0,0.995819185
5639,6086,598,0.005235602,0.031413611,0.001745201,0.92844677,0.393650807,21.60000038,0,0.595711607
4714,4462,555,0.008992806,0.145683452,0.314748198,0.465827346,0.491017975,24.39999962,1,-1.382473376
5364,5384,554,0.009107468,0.351548284,0.018214935,0.528233171,0.327830188,16.39999962,1,0.019668535
4929,4822,311,0,0.525469184,0.01608579,0.404825747,0.663551383,20.79999924,0,-2.564521891
2459,2014,736,0.001305483,0,0.023498695,0.962140977,0.266325228,19.89999962,1,-0.096122044
2159,1642,358,,,,,,31.89999962,0,1.11206798
1564,1186,543,0.005504587,0.001834862,0.001834862,0.974311948,0.093312595,14,1,0.3039891
5744,6180,532,0.100185528,0.009276438,0.038961038,0.784786642,0.06639839,11.39999962,0,2.783918989
4744,4336,715,0.122830443,0.042723633,0.048064087,0.765020013,0.03869969,7,1,1.644481888
5079,4878,252,0,0,0.011627907,0.972868204,0.31640625,22.20000076,1,-0.14689192
3449,2846,238,0,0.004273504,0.008547009,0.931623936,0.253275104,23.29999924,1,1.136735781
1154,954,585,0,0.003338898,0.005008347,0.974958241,0.306914002,12.69999981,0,0.312879468
3184,2614,364,0,0,0.005540166,0.972299159,0.344387762,18.89999962,1,0.591808329
3819,3198,527,0,0,0.040540539,0.926640928,0.377649337,18.5,0,-0.41611209
369,362,702,0.002949852,0.019174041,0.020648967,0.873156369,0.44649934,16.29999924,1,-0.389737041
3194,2660,430,0.00234192,0,0.014051522,0.976580799,0.328395061,21.39999962,0,-0.522546822
1809,1328,298,0,0,0,0.980132461,0.158075601,18.39999962,0,1.636851616
2279,1725,403,0.005,0.0025,0.032499999,0.930000007,0.224824354,24.10000038,0,0.375342298
3629,3022,342,0.002801121,0,0.005602241,0.949579835,0.119047619,15,1,-0.504587933
2279,1649,644,0.019667171,0,0.049924359,0.894099832,0.170940172,24.10000038,0,0.237556469
5314,5198,575,0.032467533,0.038961038,0.012987013,0.881493509,0.106451612,9.800000191,1,-0.082066737
399,434,177,0,0,0.023952097,0.96407187,0.32258065,12.30000019,0,-0.430633966
5354,5350,741,0.022193212,0.629242837,0.121409923,0.155352473,0.241245128,7.900000095,0,-0.097335637
259,303,400,0.045081966,0.66393441,0.108606555,0.120901637,0.564705878,16.89999962,0,-0.536247486
1409,1126,376,0.012690355,0,0.053299494,0.883248746,0.48994974,22.39999962,0,-0.029273103
519,478,500,0,0,0.002061856,0.979381442,0.344329894,18.70000076,0,-0.616925649
1659,1259,647,0.0016,0.0016,0.0096,0.980799973,0.221052639,21.20000076,0,0.349834179
4419,3601,532,0.017488075,0.011128776,0.044515103,0.918918908,0.123314068,17.5,0,0.223383021
3309,2704,683,0.008645534,0.017291067,0.005763689,0.938040316,0.05654281,8.199999809,0,0.830550252
2399,1906,368,0,0.017142856,0.002857143,0.954285741,0.451219499,26.20000076,1,-1.588306528
5639,6090,329,0.003367003,0.023569023,0.003367003,0.932659924,0.441048026,21.60000038,0,-0.329643036
5529,5990,329,0,0,0.002941177,0.97647059,0.295597486,21.5,0,0.720727371
259,76,517,0.022222223,0.022222223,0.149494946,0.763636351,0.322510831,16.89999962,1,0.346134019
4539,3738,268,,,,,,24.89999962,1,0.407426396
5859,6286,358,,,,,,18.79999924,0,1.354967882
239,146,452,0.047930282,0.250544667,0.03267974,0.603485823,0.423766814,16,1,1.10398268
3339,2668,514,0,0,0.011363637,0.982954562,0.190559439,14.89999962,0,1.494998704
5619,6005,370,0.01010101,0.015151516,0.032828283,0.876262605,0.411027558,15.5,0,0.051313645
4649,3841,558,0,0,0.01923077,0.975524485,0.114119925,11.80000019,1,0.219062682
5629,6074,248,0.004,0,0.024,0.907999992,0.15498155,13,0,0.359298407
944,808,295,0,0,0.016393442,0.973770499,0.229508191,17.79999924,0,0.388105218
5949,6402,424,0.004761905,0.007142857,0.052380953,0.90476191,0.31368421,22.89999962,0,-0.22864771
259,282,380,0.002659574,0.005319149,0.007978723,0.96808511,0.262162164,16.89999962,0,1.224377965
239,198,400,0.021220159,0.320954919,0.143236071,0.496021211,0.582309574,16,1,-0.78696634
5934,6374,327,0.009009009,0,0.003003003,0.957957983,0.313492067,17.5,0,-1.202574041
1164,974,529,0,0.005736138,0.024856597,0.965583146,0.226415094,16.5,0,0.707600477
6064,6450,563,0,0,0.004893964,0.982055485,0.145756461,20.79999924,0,-1.105675319
1304,1054,200,,,,,,29.39999962,0,-1.035049462
3949,3266,398,0.012779552,0,0.047923323,0.920127809,0.313953489,21.5,0,0.391311286
3299,2678,271,0,0,0,0.980988622,0.176470593,11.39999962,0,0.70067173
4654,3878,483,0.006437768,0.05364807,0.178111583,0.680257499,0.614432991,29.39999962,0,-0.222000399
5334,5289,702,,,,,,9.399999619,0,0.867408224
5269,5062,440,0,0,0.026845638,0.959731519,0.298543695,21.39999962,1,-1.165663658
3029,2471,522,0,0,0.01002004,0.969939888,0.175903618,14.30000019,0,0.627091575
1974,1462,300,,,,,,23.79999924,1,-1.633517868
5354,5345,651,0.01764706,0.610294104,0.213235289,0.077941179,0.546313807,7.900000095,0,0.902085078
4649,3838,336,0,0.002857143,0.034285713,0.942857146,0.18575852,11.80000019,0,-0.734480701
1604,1134,290,0,0.003472222,0,0.975694418,0.138364777,21.79999924,0,0.987155676
4209,3433,527,0.033333335,0.007843138,0.01372549,0.945098042,0.097719867,7.699999809,0,0.778863701
5929,6354,396,0.005128205,0,0,0.969230771,0.41273585,20.39999962,0,-1.318271229
3679,3134,272,0.014869888,0.003717472,0.026022306,0.940520465,0.235099345,19.29999924,0,0.920975115
1174,1002,270,0.007722008,0.007722008,0.084942088,0.872586846,0.324000008,24.89999962,1,-0.329302721
5639,6102,180,0.011363637,0.017045455,0,0.926136374,0.496062994,21.60000038,0,-0.208773667
5929,6334,267,0.004,0,0.016000001,0.963999987,0.163763061,20.39999962,0,0.685247153
2124,1594,492,0.011111111,0.006666667,0.100000001,0.875555575,0.212184884,17.5,0,1.500630435
5374,5420,594,0.023255814,0.27131784,0.246511623,0.386046499,0.388544902,7.599999905,1,0.033899611
3194,2642,152,0.006369427,0.006369427,0,0.955413997,0.309090905,21.39999962,1,-0.140464199
4229,3458,438,0.004662005,0.013986014,0.013986014,0.946386933,0.279120885,19.70000076,0,1.156320926
674,578,296,0,0,0,0.993865013,0.31578948,16.39999962,0,0.18833083
3999,3294,140,,,,,,18.29999924,0,0.411486945
5459,5921,508,0.008064516,0.022177419,0.016129032,0.891129017,0.481327817,20.29999924,0,-1.056421672
5744,6174,289,0.014184397,0.021276595,0.017730497,0.872340441,0.283018865,11.39999962,1,-0.145408993
4219,3445,492,0,0,0.031496063,0.950131238,0.453860626,35.5,1,-0.91066829
4329,3482,578,0,0,0.011804384,0.98145026,0.286219083,12.10000038,1,-0.134391945
1174,1013,597,0,0.015060241,0.188253015,0.790662646,0.470319644,24.89999962,0,-0.730650672
1914,1386,517,0.018796992,0.009398496,0.003759399,0.964285731,0.163904235,7.699999809,1,0.738558187
5334,5274,652,0.014662757,0.445747793,0.017595308,0.456011742,0.414454289,9.399999619,0,1.666240556
3319,2732,577,0.038404725,0.057607092,0.038404725,0.803545058,0.080729168,10,0,1.564145368
4249,3476,582,0.022181146,0.025878003,0.020332716,0.883548975,0.173003804,12.80000019,1,1.040453927
4529,3707,337,0.002915452,0,0.002915452,0.98542273,0.141618494,61.40000153,1,-0.436909702
3484,2902,691,0.008583691,0.005722461,0.008583691,0.94563663,0.084892083,10.30000019,0,0.67897309
5934,6378,606,0,0.004901961,0.009803922,0.975490212,0.196261682,17.5,0,-0.802977936
4419,3603,591,0.022913257,0.003273322,0.130932897,0.803600669,0.255613126,17.5,0,-0.770193715
5404,5894,200,0.048543688,0.087378643,0.063106798,0.733009696,0.29807692,12,0,1.995272642
3034,2487,485,0.025590552,0.019685039,0.127952754,0.799212575,0.156626504,7.699999809,1,0.40513852
4714,4446,570,0.009328358,0.119402982,0.300373137,0.498134315,0.484210506,24.39999962,0,-1.252439445
239,214,511,0.012195121,0.101626016,0.038617887,0.788617909,0.450676978,16,1,-1.221598197
5249,5018,435,0.00203252,0.00203252,0.006097561,0.977642298,0.165929206,16,0,0.035807766
4209,3435,543,0.032928944,0.005199307,0.012131716,0.94107455,0.109452736,7.699999809,0,0.533359581
3949,3240,227,0.013574661,0.009049774,0.009049774,0.954751134,0.387755089,21.5,1,0.967108769
5344,5344,522,0.025408348,0.177858442,0.127041742,0.571687818,0.724409461,13.80000019,1,0.010334995
3009,2462,407,0.045112781,0.055137843,0.042606518,0.827067673,0.073878629,3.299999952,1,1.667211945
3679,3146,495,0.049713194,0.003824092,0.137667298,0.778202653,0.44318182,19.29999924,0,-1.480734921
1174,994,409,0,0,0.80107528,0.193548381,0.913151368,24.89999962,1,-1.283994878
239,210,489,0.088744588,0.270562768,0.145021647,0.450216442,0.556660049,16,0,-2.542356538
3409,2796,427,0,0.005,0.029999999,0.962499976,0.182711195,18.20000076,0,-0.229111712
619,530,463,0.002298851,0,0.016091954,0.977011502,0.224032588,14.5,0,0.57767184
1129,894,324,0,0.002906977,0.002906977,0.970930219,0.274924465,17.79999924,1,0.389873744
4929,4798,279,0.010638298,0.255319148,0.088652484,0.542553186,0.498442374,20.79999924,0,-1.691235051
3714,3115,278,0,0,0.003731343,0.962686539,0.373665497,24.5,1,-0.798753686
4734,4304,343,0.018126888,0.105740182,0.166163146,0.637462258,0.341107875,15.69999981,0,-0.135267171
4684,3970,84,0,0.029940119,0.275449097,0.634730518,0.682692304,24.79999924,0,-2.018701315
3679,3150,484,0.007751938,0.015503876,0.007751938,0.934108555,0.31122449,19.29999924,0,0.473385078
5489,5958,353,0,0.002808989,0.092696629,0.865168512,0.3192771,19.29999924,0,-0.120434533
239,182,389,0.01010101,0.219696969,0.204545453,0.48989898,0.559077799,16,0,-0.622133893
2819,2302,223,0,0.004545454,0.004545454,0.972727299,0.308943093,13.69999981,0,0.307161805
4229,3426,160,0,0,0.01058201,0.962962985,0.151685391,19.70000076,1,-1.00143951
1014,754,380,0.015384615,0.071794875,0.033333335,0.815384626,0.151589245,20.5,1,-0.022472453
2289,1740,547,0,0.001808318,0.103074141,0.858951151,0.254716985,30.79999924,1,0.016818129
674,574,282,0.006666667,0,0.003333333,0.973333359,0.365517244,16.39999962,0,-0.833868152
4664,3766,355,,,,,,12.39999962,0,1.212133782
4249,3474,347,,,,,,12.80000019,0,0.298028635
2114,1522,177,0,0,0.011904762,0.976190448,0.116161615,23.39999962,1,-0.471887299
4649,3746,523,0,0.003552398,0.019538188,0.955595016,0.190019198,11.80000019,1,1.128078629
4619,3830,675,,,,,,8.600000381,0,1.738985502
1014,794,414,0.009852217,0.157635465,0.04187192,0.687192142,0.436915874,20.5,1,0.218315453
1974,1416,402,0.034582134,0.097982712,0.011527377,0.778097987,0.366120212,23.79999924,0,1.507265153
4619,4344,622,0.03115727,0.045994066,0.105341248,0.750741839,0.056716418,8.600000381,0,1.474119487
4714,4454,640,0,0.539682567,0.285714298,0.107936509,1.03205131,24.39999962,0,-1.950318159
5744,6190,273,0.003802281,0.117870726,0.030418251,0.741444886,0.808510616,11.39999962,0,-0.862827497
1014,800,377,0,0.002617801,0.013089005,0.973821998,0.250673845,20.5,1,-0.663429517
1129,888,425,0,0,0.002309469,0.990762115,0.410430849,17.79999924,1,-0.940677869
5744,6182,565,0.006896552,0.02586207,0.005172414,0.917241395,0.280762561,11.39999962,1,0.301567246
1974,1487,174,0.050847456,0.079096042,0.039548021,0.785310745,0.207547177,23.79999924,0,0.998125503
5079,4858,326,0.00617284,0,0.00617284,0.975308657,0.216577541,22.20000076,1,1.095772655
3319,2726,514,0.010141988,0.054766733,0.042596348,0.833671391,0.122123897,10,1,0.090616107
239,246,392,0.007894737,0.339473695,0.231578946,0.328947365,0.784810118,16,0,-2.92733632
369,364,517,0.007858546,0.035363458,0.027504912,0.85461688,0.357873201,16.29999924,1,-0.89361951
5279,5014,288,0.003558719,0.053380784,0.014234875,0.886120975,0.343283582,20,1,-0.059598867
5404,5898,274,0.131386861,0.226277366,0.127737224,0.459854007,0.429530196,12,0,1.415689955
3679,3098,128,0,0,0.040322579,0.935483873,0.19166667,19.29999924,0,-0.322239668
4734,4318,233,0.003875969,0.034883723,0.143410847,0.751937985,0.39453125,15.69999981,0,0.303266933
5639,6106,160,0.007142857,0.014285714,0.007142857,0.871428549,0.518324599,21.60000038,0,-1.273245183
6059,6435,242,0,0,0.008163265,0.971428573,0.275568187,17.60000038,1,-0.727682694
4664,3762,521,0.011627907,0.005813953,0.046511628,0.887596905,0.277108438,12.39999962,0,0.079762791
369,356,632,0.036977492,0.025723472,0.046623792,0.853697777,0.19723184,16.29999924,1,0.236039044
5279,4946,318,0.007380074,0.398523986,0.003690037,0.535055339,0.424050629,20,0,-0.598259506
4594,3794,242,0,0.024,0.307999998,0.648000002,0.710638322,29.10000038,0,0.274243351
5079,4910,261,0.003184713,0.003184713,0.003184713,0.968152881,0.426380381,22.20000076,0,1.239015735
5334,5280,579,0.010695187,0.269162208,0.010695187,0.661319077,0.188427303,9.399999619,1,1.124741262
3194,2646,178,0.005464481,0.005464481,0.021857923,0.950819671,0.417218551,21.39999962,0,-0.589193071
5284,5154,469,0,0.002538071,0.053299494,0.934010148,0.425876006,31.5,0,-0.797435616
4319,3538,241,0,0.004310345,0.00862069,0.982758641,0.35106384,20.39999962,0,0.863480582
5344,5314,370,0.005494506,0.043956045,0.096153848,0.802197814,0.299232744,13.80000019,1,0.703630949
5279,5123,242,0.004878049,0.156097561,0.034146342,0.72682929,0.56000001,20,0,-0.778356764
1624,1210,676,0.009287925,0.021671826,0.003095975,0.931888521,0.320936628,21.10000038,1,-0.506010402
3949,3282,271,0,0.010989011,0,0.974358976,0.563798219,21.5,1,0.775665857
8539,3163,174,0,0,0.006024096,0.97590363,0.238888891,12.19999981,1,0.878349431
3329,2714,731,0.002754821,0.00137741,0.012396694,0.954545438,0.113737077,10.60000038,0,0.164061904
1659,1258,522,,,,,,21.20000076,1,-0.032556577
4684,3978,243,0.005025126,0.030150754,0.231155783,0.678391933,0.579999998,24.79999924,0,-2.065947758
369,359,343,0,0.002994012,0.026946107,0.958083808,0.25914634,16.29999924,1,-0.41538594
3439,2808,639,0.001677852,0,0.001677852,0.986577153,0.194074079,14.89999962,0,-0.4335317
2944,2426,725,,,,,,21.20000076,0,-0.816038033
5344,5330,663,0.029787235,0.170212761,0.068085104,0.68794328,0.458172455,13.80000019,0,-0.034826847
3034,2488,523,0.003913894,0.009784736,0.019569471,0.925635993,0.239669427,7.699999809,0,0.576706033
3009,2474,609,0.03150912,0.013266998,0.016583748,0.912106156,0.017741935,3.299999952,0,1.951093528
1129,900,292,0,0.003225806,0,0.996774197,0.305637985,17.79999924,0,1.66234073
5904,6316,342,0,0,0,0.997245193,0.147138964,20,0,-0.28080707
5314,5193,535,0.020547945,0.037671234,0.010273973,0.91438359,0.103338633,9.800000191,0,0.228110564
369,385,802,0.038596492,0.003508772,0.025730994,0.906432748,0.19346733,16.29999924,0,0.236596654
239,186,286,,,,,,16,0,-0.057523306
3629,3066,474,0.002415459,0,0.012077294,0.956521749,0.420833334,15,1,-0.05436907
5744,6219,461,0.258351892,0.066815145,0.04454343,0.559020042,0.377224207,11.39999962,0,0.980748236
5929,6360,245,0.004016064,0,0,0.979919672,0.325925916,20.39999962,0,-1.738866899
5079,4866,121,0.007518797,0,0,0.984962404,0.246575348,22.20000076,1,0.871788292
5344,5318,692,0.005657709,0.178217828,0.154172555,0.63083452,0.578571431,13.80000019,0,-0.304082507
3299,2718,483,0.004301075,0.004301075,0.004301075,0.959139764,0.081140351,11.39999962,0,0.806016553
5344,5315,726,0.009957326,0.098150782,0.027027028,0.817923188,0.183020957,13.80000019,0,0.632698179
1304,1050,154,0,0,0.006756757,0.972972989,0.638418056,29.39999962,0,-1.693977902
4664,3847,497,0.008605852,0.012048192,0.04475043,0.905335605,0.066985646,12.39999962,0,0.50020374
2444,2002,423,0,0,0.009592326,0.976019204,0.319480523,13.89999962,0,-1.168462075
239,226,464,0.010548524,0.175105482,0.021097047,0.784810126,0.281800397,16,1,1.322907683
5489,5926,587,0.006908463,0.005181347,0.215889469,0.725388587,0.405405402,19.29999924,1,0.215015081
5079,4862,162,0,0,0,1,0.344444446,22.20000076,1,1.331700076
2924,2410,610,0.003430532,0,0.005145798,0.969125211,0.431999989,17.5,0,-1.074776224
4319,3542,524,0.001984127,0,0.005952381,0.984126985,0.385899805,20.39999962,0,2.207737677
2869,2394,358,0,0.236363634,0.084848486,0.551515162,0.559139788,24.29999924,0,-1.45837266
3194,2638,490,0,0.001876173,0.022514071,0.945590973,0.260960333,21.39999962,0,-0.414784942
1129,935,316,0,0.003355705,0.016778523,0.956375837,0.632867128,17.79999924,0,-0.319168059
2859,2339,630,0.003262643,0,0.009787928,0.970636189,0.299373038,21.5,0,-0.037224479
5744,6150,516,0.00407332,0.028513238,0.012219959,0.912423611,0.324324317,11.39999962,1,-0.098386718
3009,2466,635,0.039787799,0.074270554,0.026525199,0.819628656,0.029950082,3.299999952,0,1.541753005
3319,2727,457,0.016018307,0.011441648,0.022883296,0.933638453,0.075431036,10,0,1.813907338
5374,5399,458,0.004329004,0.523809552,0.021645023,0.361471862,0.329192542,7.599999905,1,0.683436038
239,70,257,0.003891051,0.346303493,0.070038907,0.52140075,0.414383546,16,1,-2.316003495
5949,6398,252,0.004201681,0,0.033613447,0.924369752,0.243445702,22.89999962,0,-0.458220503
5364,5363,481,0.002141328,0.314775169,0.006423983,0.614561021,0.600472823,16.39999962,1,-0.864133371
239,129,616,0.057283141,0.384615391,0.356792152,0.145662844,0.850993365,16,1,-0.482519555
4929,4366,362,0.01369863,0.148401827,0.047945205,0.744292259,0.226562496,20.79999924,0,1.027742407
5524,5982,428,0,0,0,0.972972989,0.551724136,31.5,0,-1.403216637
5344,5338,442,0.002475247,0.113861389,0.101485148,0.740099013,0.584466025,13.80000019,0,0.091858475
879,702,429,0.009661836,0.014492754,0.176328495,0.758454084,0.563186809,21.89999962,1,-0.658340484
5744,6127,421,0.002304147,0,0.002304147,0.981566846,0.227499999,11.39999962,0,0.521663131
1839,1352,376,0.002624672,0,0.020997375,0.963254571,0.286089249,15.19999981,1,-0.23644876
239,157,588,0.008880994,0.275310844,0.037300177,0.602131426,0.421824105,16,0,-0.779749704
5384,5454,520,0.013358778,0.034351144,0.024809161,0.889312983,0.339191556,19.70000076,0,0.2435623
3679,3128,384,0.008426966,0.02247191,0.044943821,0.887640476,0.519841269,19.29999924,0,0.176122813
4619,3832,611,0.012638231,0.007898894,0.061611373,0.890995264,0.056316591,8.600000381,1,1.500054505
3034,2485,594,0.024561403,0.01754386,0.019298246,0.912280679,0.061946902,7.699999809,0,1.846982434
2264,1698,271,0.007604563,0.022813689,0.011406844,0.908745229,0.225961544,22.60000038,0,-0.535091556
5304,5178,545,0.003683241,0.123388581,0.033149172,0.819521189,0.531623937,21.29999924,0,0.166349837
2399,1890,323,0.009230769,0.021538461,0,0.950769246,0.533762053,26.20000076,0,0.348489157
2869,2362,453,0.006726457,0.181614354,0.049327355,0.639013469,0.535307508,24.29999924,1,-1.354340351
879,706,437,0.004672897,0.028037382,0.294392526,0.609813094,0.668650776,21.89999962,0,-1.136693104
3629,3074,359,0,0,0.007092198,0.959810853,0.542780727,15,0,-0.950420539
3449,2826,195,0.006097561,0.054878049,0.006097561,0.810975611,0.386473417,23.29999924,0,0.123186958
5744,6116,246,0.004048583,0,0.036437247,0.939271271,0.232209735,11.39999962,0,0.514980723
4714,4448,414,0.002202643,0.090308368,0.687224686,0.193832606,0.966292128,24.39999962,0,-1.021157451
4539,3724,487,0,0,0.150712833,0.820773959,0.30078125,24.89999962,1,0.502309986
3334,2744,539,0.008650519,0.006920415,0.015570934,0.946366787,0.145488027,16.29999924,0,1.51026444
5354,5373,797,0.029268293,0.567073166,0.051219512,0.280487806,0.171794876,7.900000095,0,0.619761906
1604,1158,288,0,0,0,0.983539104,0.134680133,21.79999924,0,-0.449197428
5344,5331,640,0.021875,0.084375001,0.0125,0.850000024,0.24447174,13.80000019,0,0.55310281
1974,1502,386,0.002610966,0.18276763,0.007832898,0.738903403,0.713973805,23.79999924,0,-1.471531164
4714,4450,311,0.005698006,0.225071222,0.247863248,0.452991456,0.409090899,24.39999962,1,0.145896507
1974,1463,443,0.007194245,0.129496396,0.007194245,0.800959229,0.655319154,23.79999924,1,0.760738856
3464,2888,373,0.008213553,0.057494868,0.018480493,0.848049283,0.339912273,13.80000019,0,-0.313398249
1304,1030,192,0,0,0,1,0.606060609,29.39999962,0,0.047332128
5364,5364,407,0.009433962,0.599056602,0.018867925,0.285377353,0.512195133,16.39999962,0,-0.844053027
2279,1690,271,0.007042253,0.014084507,0.003521127,0.922535241,0.327067673,24.10000038,0,-0.00686935
2984,2453,345,0.003125,0,0.003125,0.987500012,0.378378391,19.70000076,0,1.135415732
5934,6386,393,0.002631579,0,0.005263158,0.984210551,0.169665813,17.5,0,-0.238286084
819,666,325,0,0,0.024539877,0.966257691,0.19452887,12.5,0,0.423312479
4519,3679,491,0.002212389,0.004424779,0.042035397,0.92920351,0.270321362,20,0,-0.416649706
5279,5026,729,0.003257329,0.057003256,0.030944625,0.859934866,0.453846142,20,1,-0.448910857
1879,1358,549,0.005576208,0.014869888,0.003717472,0.962825298,0.142857142,10.30000019,0,1.84937406
2869,2386,493,0.008849557,0.10840708,0.026548672,0.701327443,0.373786412,24.29999924,1,-0.507924901
4654,3882,290,0.003344482,0.4381271,0.07692308,0.397993296,0.702875391,29.39999962,0,0.159965276
2869,2262,349,0.006944444,0.201388896,0.027777778,0.607638896,0.512903214,24.29999924,1,-0.454267921
239,250,287,0.009287925,0.331269354,0.22291021,0.359133124,0.940860219,16,0,-1.169249412
4349,3630,548,0.009310987,0.009310987,0.096834265,0.843575418,0.307432428,15.89999962,0,0.305635562
5934,6368,595,0.001692047,0.001692047,0.020304568,0.957698822,0.159445411,17.5,1,-0.388877564
3449,2854,311,0.006688963,0,0,0.969899654,0.146031749,23.29999924,0,0.457630091
239,144,306,0.031141868,0.242214531,0.048442908,0.636678219,0.380952366,16,0,0.389356759
1409,1096,406,0.002531646,0.002531646,0.151898727,0.815189898,0.71588368,22.39999962,0,-0.614090269
674,522,274,0,0.018867925,0.003144654,0.949685514,0.258358657,16.39999962,1,0.348319879
239,202,438,0.008810572,0.147577092,0.057268724,0.740088105,0.346855983,16,0,-0.860171955
399,426,152,0.006993007,0,0.237762243,0.720279694,0.491712704,12.30000019,1,-0.422326165
1014,870,210,0,0.46486485,0.032432433,0.427027017,0.849315055,20.5,0,-1.496161235
4744,4334,397,,,,,,7,0,0.87040119
2819,2287,122,0,0,0,0.988636374,0.324786335,13.69999981,0,-0.481557871
5629,2299,282,0.004149378,0,0.020746889,0.950207472,0.154135339,13,0,-0.772234015
239,154,601,0.059581321,0.149758458,0.128824472,0.578099847,0.532490984,16,1,0.064793318
3334,2754,520,0.03088803,0.015444015,0.021235522,0.895752907,0.181069966,16.29999924,1,1.007746732
2289,1728,504,0.011090573,0.024029575,0.040665433,0.881700575,0.140105084,30.79999924,0,0.095357948
4229,3454,542,0.005607476,0.029906543,0.033644859,0.889719605,0.35647279,19.70000076,0,0.769037369
5304,5180,631,0.005780347,0.096820809,0.028901733,0.835260093,0.305509187,21.29999924,0,1.756251655
5929,6342,298,0,0,0.005934718,0.967359066,0.398176298,20.39999962,0,0.852420594
5364,5382,318,0.026634382,0.547215521,0.169491529,0.210653752,0.462222219,16.39999962,1,1.411931419
5354,5351,458,0.034482758,0.489224136,0.090517238,0.273706883,0.318181828,7.900000095,1,1.952418958
754,622,610,,,,,,14.89999962,1,1.002798553
3949,3234,300,0,0,0,0.981060624,0.26523298,21.5,0,2.413795932
2399,1910,306,0,0.025236594,0.006309148,0.955835938,0.574123979,26.20000076,1,-2.214320332
2279,1727,400,0.014492754,0.002415459,0.004830918,0.956521749,0.104225352,24.10000038,0,-0.650034641
5279,5110,204,0,0.115044251,0.022123894,0.796460152,0.810185179,20,0,-2.139708883
6059,6447,417,0.007371007,0,0.022113021,0.963144958,0.381231666,17.60000038,1,-0.725768032
5709,6110,201,0,0,0,0.972067058,0.343347646,12,0,-1.375356403
3139,2551,618,0.007800312,0.014040561,0.024960998,0.931357265,0.15476191,11.5,0,0.552603817
3949,3250,122,,,,,,21.5,0,0.457790461
4664,3898,514,0.035363458,0.001964637,0.074656188,0.848722994,0.093555095,12.39999962,0,0.99438389
5619,6028,721,0.008759124,0.017518248,0.027737226,0.915328443,0.269798659,15.5,0,-0.502475063
3789,3177,583,0.005025126,0.001675042,0.093802348,0.879396975,0.216216221,17.79999924,0,-0.495180833
1974,1446,240,0,0.159999996,0.017777778,0.74222225,0.665271983,23.79999924,1,-1.714330506
5334,5291,635,0.011182109,0.464856237,0.012779552,0.426517576,0.332302935,9.399999619,0,1.584660866
4619,3833,681,0.035511363,0.017045455,0.102272727,0.796875,0.080188677,8.600000381,0,0.26365991
1174,1006,311,0.010714286,0.003571429,0.110714287,0.853571415,0.300000004,24.89999962,0,-0.99214979
239,127,606,0.018272426,0.284053147,0.101328902,0.561461806,0.46554365,16,1,-0.022098926
5314,5195,636,0.010622155,0.053110775,0.053110775,0.807283759,0.181663834,9.800000191,0,0.045168145
3009,2461,538,0.036750484,0.021276595,0.038684718,0.852998078,0.057877813,3.299999952,0,2.135380027
1014,818,464,0.002074689,0.020746889,0.112033196,0.834024906,0.478350513,20.5,0,-0.642521067
1974,1510,279,0.006756757,0.043918919,0,0.888513505,0.401234575,23.79999924,0,0.140883739
5929,6302,283,0,0,0.003184713,0.98407644,0.164556962,20.39999962,0,0.228669644
5079,4850,199,0,0,0.009345794,0.99065423,0.409090914,22.20000076,0,1.124465791
4529,3691,335,0,0,0.028846154,0.958333313,0.165217388,61.40000153,0,0.814103544
4229,3460,606,0,0.004694836,0.014084507,0.953051627,0.187290974,19.70000076,1,-0.750697488
3009,2468,790,0.068265684,0.040590405,0.016605167,0.854243517,0.007822686,3.299999952,0,1.748974237
5999,6424,422,0.009389671,0.002347418,0.075117372,0.889671385,0.382478632,18.5,0,0.124997338
4714,4434,351,0.00877193,0.464912295,0.219298244,0.277777791,0.606299192,24.39999962,1,-2.359069588
239,242,259,0.007490637,0.348314613,0.273408234,0.23595506,0.718849815,16,0,-2.733507931
5374,5423,569,0.007692308,0.34807691,0.113461539,0.455769241,0.387959875,7.599999905,0,0.916672288
4774,4362,243,0.003937008,0.007874016,0.003937008,0.972440958,0.199152544,14.39999962,0,1.161966126
779,642,537,0,0,0.007393715,0.983364165,0.241316266,12.19999981,1,-0.437972764
1409,1098,184,0,0,0,0.978836,0.181818189,22.39999962,0,-0.923173402
2829,2294,128,0,0,0,0.984962404,0.217105255,19,1,-0.450233566
3999,3310,139,0,0,0,0.976190448,0.394736841,18.29999924,1,0.599911359
5949,6390,205,0,0,0.051886793,0.919811308,0.42194093,22.89999962,0,0.192901776
4684,3966,297,0,0.04074074,0.314814806,0.533333361,0.572881341,24.79999924,0,0.180709254
3334,2756,512,0.016949153,0.010593221,0.033898305,0.915254235,0.208237983,16.29999924,0,-0.257226326
4594,3790,339,0.006097561,0.048780486,0.414634138,0.5,0.696165204,29.10000038,0,0.552071991
2439,2050,572,0.001869159,0.001869159,0.009345794,0.973831773,0.372742184,23.29999924,0,0.338954343
2869,2402,360,0,0.440633237,0.079155676,0.313984156,0.613138713,24.29999924,1,-1.154661325
1899,1374,261,0,0.003676471,0.011029412,0.970588207,0.301115245,17,0,-0.108519148
3629,3068,461,0.005602241,0,0.002801121,0.946778715,0.213151924,15,0,0.462362183
4149,3418,396,0.01183432,0.00295858,0.026627218,0.934911251,0.178921573,14.80000019,0,0.877621222
5354,5353,552,,,,,,7.900000095,0,1.55269644
4419,3670,410,0.001858736,0.005576208,0.09479554,0.892193317,0.256723709,17.5,0,1.625915231
5744,6178,284,0.006622517,0.072847679,0.009933775,0.831125855,0.604316533,11.39999962,0,-0.934906483
2819,2288,404,0.003322259,0.003322259,0.003322259,0.973421931,0.262582056,13.69999981,0,-0.814834369
239,134,264,0,0.330882341,0.220588237,0.378676474,0.779359452,16,1,-1.959291657
239,206,316,0,0.300000012,0.079310343,0.579310358,0.769491516,16,0,-1.740427673
5404,5890,169,0.015873017,0,0.021164021,0.920634925,0.245714284,12,0,2.470063472
3459,2880,303,0,0,0,0.979381442,0.209643599,18.60000038,0,-1.376674509
5744,6155,472,0.007936508,0.061507937,0.029761905,0.815476179,0.498969078,11.39999962,0,-0.372845234
4459,3635,474,0.002183406,0.006550218,0.03930131,0.947598279,0.379373841,20,0,-0.344054066
5354,5342,527,0.045801528,0.362595409,0.040076334,0.446564883,0.127516776,7.900000095,0,1.044786256
1974,1475,438,0,0.030516433,0.01173709,0.889671385,0.776397526,23.79999924,1,-0.884026513
2654,2150,429,0.002257336,0,0.013544018,0.966139972,0.2860412,13.60000038,0,-1.615582271
3319,2728,489,0.008976661,0.084380612,0.032315977,0.804308772,0.161100194,10,0,0.861459373
1014,862,368,0.006097561,0.268292695,0.012195121,0.634146333,0.631999984,20.5,0,-1.163309013
5364,5368,491,0.013944224,0.486055791,0.039840639,0.426294833,0.46926228,16.39999962,0,-0.774583581
2869,2406,416,0.007575758,0.166666672,0.042929292,0.681818187,0.522077918,24.29999924,0,0.684008127
5314,5194,504,0.006711409,0.052013423,0.013422819,0.90436244,0.144957984,9.800000191,1,2.688482589
5259,4928,605,0,0.001692047,0.001692047,0.988155663,0.107868023,14.5,0,-0.091328967
1974,1488,160,0,0.078534029,0,0.863874316,0.279999994,23.79999924,0,1.047268518
5304,5176,560,0.003787879,0.060606062,0.041666668,0.861742437,0.593250431,21.29999924,1,-0.145157301
4149,3422,511,0.009708738,0.002427184,0.038834952,0.907766998,0.277083337,14.80000019,0,0.355924198
4809,4672,414,0.007317073,0.004878049,0.009756098,0.963414609,0.208633095,16.5,1,-0.400505734
1879,1513,246,0.004291845,0.008583691,0.004291845,0.957081556,0.353159867,10.30000019,1,-0.276177577
5404,5886,277,0.170731708,0.284552842,0.130081296,0.321138203,0.519713268,12,0,1.220893013
1004,834,225,0.011363637,0.011363637,0.005681818,0.920454562,0.459677428,22.60000038,0,-0.749284048
399,418,312,0.003095975,0.012383901,0.024767801,0.950464368,0.388059691,12.30000019,0,0.404153617
3449,2840,424,0.00209205,0.006276151,0.00209205,0.970711291,0.544662312,23.29999924,0,0.415245481
1014,872,558,0.009652509,0.104247101,0.104247101,0.708494186,0.447140381,20.5,0,0.120204723
3999,3314,229,0,0.004878049,0,0.980487823,0.448132791,18.29999924,1,0.177633557
1824,1322,646,0.010703363,0.003058104,0.016819572,0.932721734,0.326433122,13.60000038,0,-0.334424319
4684,3968,219,0,0.013953488,0.172093019,0.720930219,0.573459722,24.79999924,1,-1.06681359
259,66,271,0,0,0.0125,0.987500012,0.374531828,16.89999962,0,1.003310212
5079,4914,256,0,0.011627907,0,0.976744175,0.401639357,22.20000076,0,0.143391761
2264,1702,260,0.003636364,0.029090909,0.054545455,0.810909092,0.335106388,22.60000038,1,-1.30251466
1839,1344,647,0.010606061,0,0.010606061,0.956060588,0.212914489,15.19999981,1,-0.070462855
1184,1026,415,0.006993007,0.004662005,0,0.981351972,0.17079208,14,0,0.62252549
2829,5030,271,0,0,0.024390243,0.951219499,0.293729365,19,0,-0.157772858
129,64,507,0.054229934,0.013015185,0.019522777,0.902386129,0.003846154,3.799999952,1,1.343665757
1014,798,319,0.007692308,0.035897437,0.012820513,0.905128181,0.178723402,20.5,1,0.353288565
5929,6337,460,0.006355932,0,0.004237288,0.968220353,0.344298244,20.39999962,0,-0.124695393
4929,4818,550,0.007662835,0.287356317,0.049808428,0.496168584,0.555045865,20.79999924,0,-1.203366299
1839,1334,314,,,,,,15.19999981,0,-0.555412438
5489,5954,261,0.01171875,0.015625,0.14453125,0.81640625,0.415929191,19.29999924,0,0.085607496
5374,5396,651,0.027149322,0.176470593,0.054298643,0.677224755,0.329159215,7.599999905,0,0.430507344
5334,5287,707,0.023323616,0.150145769,0.109329447,0.634110808,0.102601156,9.399999619,0,1.144960559
5744,6166,480,0.074712642,0.036398467,0.022988506,0.818007648,0.138276555,11.39999962,0,0.701356182
2399,1862,258,0,0,0,0.99622643,0.343511445,26.20000076,1,-1.348590339
4594,3798,288,0.006825938,0.013651877,0.266211599,0.69624573,0.531772561,29.10000038,0,-0.797776904
4229,3406,404,0.00954654,0.00954654,0.014319809,0.926014304,0.319512188,19.70000076,0,0.063318853
4519,3678,181,0,0,0.011494253,0.971264362,0.227544919,20,1,-1.917083484
29,34,335,0.003134796,0.003134796,0.065830722,0.815047026,0.318885453,14.5,0,-0.537477122
5364,5379,518,0.002008032,0.397590369,0.022088353,0.518072307,0.518518507,16.39999962,0,0.200736726
5364,5366,380,0.010025063,0.431077689,0.020050125,0.473684222,0.290322583,16.39999962,1,1.388162985
1604,1162,302,0.003030303,0,0,0.981818199,0.258675076,21.79999924,0,-1.10551472
5929,6330,252,0,0,0.003891051,0.980544746,0.214559387,20.39999962,1,-0.669727931
3644,3088,142,0,0,0.019480519,0.980519474,0.458598718,28.79999924,1,0.247893337
3184,2626,456,,,,,,18.89999962,1,-0.294816785
2964,2442,490,0,0,0.004016064,0.983935714,0.438095242,20.70000076,0,-0.979306801
4619,4342,695,0.053731345,0.029850746,0.088059701,0.768656731,0.173290938,8.600000381,0,1.248550129
819,688,516,0,0.004048583,0.093117408,0.884615362,0.25952813,12.5,0,0.424659761
129,61,383,0.020089285,0.042410713,0.022321429,0.892857134,0.031007753,3.799999952,0,1.630452151
1974,1508,318,0.003125,0.28125,0.0125,0.590624988,0.879411764,23.79999924,0,-2.347390874
259,274,380,0.005025126,0.113065325,0.027638191,0.798994958,0.38987343,16.89999962,1,-0.916936366
5314,5202,680,0.011477762,0.107604019,0.050215207,0.794835031,0.21696575,9.800000191,0,0.251425314
3149,2579,496,0,0.002053388,0,0.98151952,0.155870445,,1,-0.032404865
1879,1402,295,0,0,0,0.992395461,0.419354856,10.30000019,1,-0.294625011
4714,4456,661,0.003154574,0.064668767,0.616719246,0.27287066,0.718152873,24.39999962,0,-1.501899361
2399,1914,325,0,0.002857143,0,0.985714257,0.425474264,26.20000076,0,-0.846105425
4714,4440,355,,,,,,24.39999962,1,-2.896325789
1014,822,552,0.003584229,0.017921148,0.034050178,0.906810045,0.234817816,20.5,1,-1.218601142
3949,3270,269,0.011673152,0,0.066147856,0.914396882,0.486666679,21.5,0,0.836892759
1304,1038,146,0,0,0,0.986577153,0.52061855,29.39999962,1,-0.076329256
3999,3320,235,0,0,0.0125,0.949999988,0.248888891,18.29999924,0,-0.766425523
3949,3280,450,0.002808989,0,0.011235955,0.977528095,0.33634311,21.5,0,1.155384221
4419,3666,446,0.002118644,0.004237288,0.188559324,0.802966118,0.377215192,17.5,1,0.644059897
5279,5116,433,0.004319654,0.326133907,0.155507565,0.436285108,0.941666655,20,1,-2.283460221
4209,3427,642,0.023988007,0.016491754,0.011994003,0.944527745,0,7.699999809,1,0.237051922
2739,2216,497,0.003952569,0.013833992,0.009881423,0.916996062,0.441441447,20.79999924,0,-0.924895343
759,590,237,0,0,0.025210084,0.970588207,0.196787141,19.20000076,0,0.469563905
5334,5278,566,0.020920502,0.38075313,0.152719662,0.338912129,0.480680063,9.399999619,1,-0.281996355
879,698,397,,,,,,21.89999962,0,0.145097417
1129,934,259,0,0.00330033,0,0.993399322,0.534351125,17.79999924,0,-0.327064029
5489,5962,396,0.005128205,0.002564103,0.146153852,0.789743602,0.334217511,19.29999924,1,0.681946221
5344,5340,483,0.005870841,0.119373776,0.037181996,0.788649678,0.387715936,13.80000019,1,1.928428714
5364,5362,436,0.007352941,0.379901975,0.017156864,0.52696079,0.450320527,16.39999962,0,1.132810288
5279,4970,612,0.007233273,0.079566002,0.012658228,0.833634734,0.420315251,20,0,-0.713909716
4654,3874,360,0.005797102,0.092753626,0.2231884,0.649275362,0.835106388,29.39999962,0,-1.811383203
5354,5347,448,0.015250545,0.627451003,0.163398698,0.124183007,0.33648394,7.900000095,0,0.414197864
1974,1478,243,,,,,,23.79999924,0,-2.096034535
4209,3437,486,0.017429193,0.002178649,0.017429193,0.956427038,0.16720257,7.699999809,0,1.504197505
5374,5411,501,0.013944224,0.54581672,0.105577692,0.260956168,0.495201543,7.599999905,1,2.349951804
2984,2450,335,,,,,,19.70000076,0,-0.369863578
1879,1359,183,0,0,0,0.988826811,0.155555557,10.30000019,1,-0.443752127
369,367,349,0.034482758,0.02586207,0.091954023,0.764367819,0.699481837,16.29999924,0,-0.790217522
879,704,746,0.007905139,0.018445322,0.243741766,0.689064562,0.430747919,21.89999962,0,-0.838812031
5334,5276,451,0.030303031,0.292011023,0.146005511,0.471074373,0.338541664,9.399999619,1,-0.111608529
2829,2322,439,0,0.007281553,0.009708738,0.966019392,0.350000001,19,0,-0.426492955
5859,6294,293,0.008982036,0.008982036,0.134730533,0.817365289,0.473186128,18.79999924,0,-0.68701391
1409,1122,350,0.008403362,0.005602241,0.030812325,0.927170873,0.321637422,22.39999962,0,0.343411921
4539,3734,241,0.007751938,0.003875969,0.027131783,0.934108555,0.27137547,24.89999962,0,0.920374319
2399,1870,95,0,0,0,1,0.426229507,26.20000076,0,-3.177708271
239,232,479,0.013856813,0.163972288,0.043879908,0.736720562,0.306772918,16,0,-0.584752422
5624,6044,585,0.003225806,0.003225806,0.001612903,0.988709688,0.232786894,15.10000038,1,-0.008663212
4714,4458,470,0.0041841,0.901673615,0.046025105,0.016736401,0.914404996,24.39999962,1,-2.230450624
1944,1398,402,0.011080332,0.005540166,0,0.969529092,0.2540107,12.39999962,0,-1.181111464
1809,1314,550,0.005494506,0,0.023809524,0.93589741,0.28125,18.39999962,1,0.31229244
239,262,563,0.038602941,0.123161763,0.040441178,0.740808845,0.288924553,16,0,-0.796138393
4929,4706,325,0.013513514,0.110810809,0.035135135,0.797297299,0.4906542,20.79999924,0,-1.177937967
369,321,576,0.015209125,0.024714829,0.133079842,0.792775691,0.448873483,16.29999924,0,-1.436991439
5259,5054,699,0.002812939,0,0.004219409,0.978902936,0.098604653,14.5,0,-0.380345162
2124,1562,379,0,0,0,0.997416019,0.062330625,17.5,0,2.244315602
1974,1489,288,0.011627907,0.139534891,0.011627907,0.77131784,0.494661927,23.79999924,1,-0.348811387
4209,3432,527,0.033457249,0.003717472,0.022304833,0.929368019,0.10483871,7.699999809,0,0.850894819
4004,3334,649,0.003125,0.0078125,0.0046875,0.970312476,0.403428577,20.89999962,1,-0.291997883
369,346,383,0.005797102,0,0.002898551,0.979710162,0.290488429,16.29999924,1,0.442846416
5334,5282,606,0.015570934,0.216262981,0.19550173,0.494809687,0.595679,9.399999619,0,-0.379111492
3164,2604,316,0.008955223,0,0,0.958208978,0.119999997,12.89999962,0,1.078035055
5284,5150,432,0.002066116,0.002066116,0.02892562,0.956611574,0.554272532,31.5,1,-0.918567596
4929,4814,465,0.006160164,0.455852151,0.012320329,0.441478431,0.491189428,20.79999924,0,-0.720853863
3629,3014,267,0.003584229,0,0.003584229,0.978494644,0.348591551,15,1,0.076464864
5079,4882,338,0,0,0,1,0.217791416,22.20000076,1,1.406238756
239,268,483,0.022371365,0.212527961,0.031319909,0.700223684,0.330241181,16,0,-0.286232449
5334,5286,661,0.022556391,0.169924811,0.019548872,0.7112782,0.06959153,9.399999619,0,0.444851211
3494,2916,529,0.015151516,0.041666668,0.026515152,0.886363626,0.192452826,8.899999619,0,0.712365579
1564,1182,565,0.004950495,0.001650165,0.00330033,0.980198026,0.144104809,14,0,-0.159491033
3139,2554,588,0.010273973,0.089041099,0.010273973,0.856164396,0.025889968,11.5,0,0.611815702
4419,3606,474,0.015037594,0.009398496,0.167293236,0.800751865,0.35698925,17.5,0,0.243892725
129,39,531,0.03265306,0.073469386,0.030612245,0.840816319,0.02892562,3.799999952,0,1.739706573
5744,6206,217,0.014423077,0.014423077,0.009615385,0.9375,0.186046518,11.39999962,0,0.642580829
5279,4950,377,0,0.114130437,0.016304348,0.804347813,0.497448996,20,0,-0.729065031
5344,5326,429,0.015686275,0.070588239,0.025490196,0.860784292,0.186291747,13.80000019,0,3.238389073
4929,4804,369,0,0.601286173,0.03215434,0.241157562,0.668539301,20.79999924,1,-1.94725504
4584,3775,328,0.011764706,0.014705882,0.061764706,0.891176462,0.084548105,14.19999981,0,0.97500556
619,514,509,0,0.005714286,0,0.986666679,0.152133577,14.5,0,0.422647566
4714,4444,337,0,0.0147929,0.473372787,0.5,0.496855348,24.39999962,1,-0.499026464
259,46,477,0.003968254,0,0.001984127,0.988095224,0.048387095,16.89999962,0,0.901079064
5279,5044,306,0.006230529,0.059190031,0.003115265,0.906542063,0.153094459,20,0,0.141738491
3339,2670,348,0,0,0,0.994318187,0.208695654,14.89999962,1,-0.311915503
5269,4990,260,0.003816794,0,0.125954196,0.870229006,0.266393445,21.39999962,1,-0.665896973
1839,1350,597,0.001748252,0.001748252,0.020979021,0.956293702,0.247261345,15.19999981,1,-0.395234426
239,190,454,0.029017856,0.229910716,0.310267866,0.410714298,0.462686583,16,0,-1.439288813
5249,5002,775,0,0,0.021136064,0.964332879,0.239130441,16,1,1.282460435
674,570,279,0.006349206,0.012698413,0.006349206,0.949206352,0.239700384,16.39999962,1,1.161362919
5334,5292,768,0.013618677,0.33463034,0.033073928,0.531128407,0.220055703,9.399999619,0,-0.530612255
3999,3298,138,,,,,,18.29999924,0,-0.880281013
3789,3190,403,0,0,0.045000002,0.925000012,0.252100848,17.79999924,0,0.223825227
239,266,421,0.004705882,0.277647048,0.054117646,0.614117622,0.43636363,16,0,-0.500414432
3699,3122,694,0.005805515,0.004354137,0.010159652,0.957910001,0.295714289,19.60000038,0,-0.878540978
3419,2802,103,0,0,0.009345794,0.971962631,0.166666668,19.79999924,0,-0.488417161
2819,2303,146,0,0.008,0.016000001,0.976000011,0.158273384,13.69999981,0,0.308151228
2399,1866,143,0,0,0,1,0.102739725,26.20000076,0,0.173300684
3449,2858,314,0,0.031347964,0.034482758,0.899686515,0.581602365,23.29999924,1,1.799706849
239,130,319,0.006269592,0.363636374,0.382445127,0.203761756,0.824999996,16,0,-1.801412665
1304,1058,229,,,,,,29.39999962,0,-0.040749034
1129,942,269,0,0,0,0.993055582,0.533613458,17.79999924,1,-1.190170848
3059,2458,336,0.00625,0,0.016666668,0.972916663,0.267217629,14,0,-0.71935154
239,179,581,0.041522492,0.19550173,0.055363324,0.666089952,0.483870976,16,0,-0.790287461
3999,3326,545,0.017889088,0.008944544,0.008944544,0.883720934,0.399684042,18.29999924,0,-0.337242752
1129,916,232,,,,,,17.79999924,0,-0.012750792
4619,3836,672,0.045857988,0.010355029,0.085798815,0.810650885,0.091074681,8.600000381,1,1.74384247
3009,2490,309,0.00591716,0.035502959,0.035502959,0.869822502,0.202643171,3.299999952,1,2.539348809
239,150,711,0.020143885,0.218705043,0.076258995,0.614388466,0.51603052,16,1,-1.123288846
5079,4902,369,0.002824859,0.005649718,0.008474576,0.966101706,0.396946572,22.20000076,0,0.218625074
5859,6282,301,0,0.003558719,0.028469751,0.911032021,0.553191498,18.79999924,1,-0.256896178
5374,5417,487,0.009803922,0.477941185,0.034313727,0.433823526,0.25296443,7.599999905,1,0.267065375
944,760,506,0,0,0.003577817,0.989266574,0.233999997,17.79999924,1,0.384907045
4734,4310,355,0.005063291,0.005063291,0.106329113,0.845569611,0.208211139,15.69999981,0,-0.160221242
3474,2898,273,0.011070111,0.011070111,0.029520296,0.918819189,0.290076338,11.89999962,1,0.188803831
2869,2398,404,0.041450776,0.095854923,0.015544041,0.795336783,0.26685394,24.29999924,0,1.868665993
29,2,233,0,0.004237288,0.042372882,0.927966118,0.300000004,14.5,0,0.300080232
259,310,425,0.002506266,0.827067673,0.037593983,0.052631579,0.7470356,16.89999962,0,-1.227201684
2289,1736,473,0.004081632,0,0.03265306,0.932653069,0.209944755,30.79999924,1,1.816314808
5364,5374,536,0.004395605,0.096703298,0.224175826,0.637362659,0.450331137,16.39999962,0,1.04769616
1004,838,396,0.00729927,0.080291972,0.026763991,0.77615571,0.481735155,22.60000038,1,0.233119342
4249,3470,402,0.005319149,0.013297873,0.007978723,0.925531924,0.295045048,12.80000019,0,1.455415415
2399,1902,357,0.008645534,0.037463978,0.014409222,0.887608051,0.523573197,26.20000076,0,-0.917763294
259,302,446,0.017977528,0.047191013,0.017977528,0.862921357,0.294264339,16.89999962,1,0.856694367
5374,5429,506,0.009541985,0.505725205,0.192748085,0.234732822,0.328385912,7.599999905,1,0.597385627
239,147,557,0.007575758,0.200757578,0.032196969,0.738636374,0.226575807,16,1,0.046313574
5374,5414,473,0.034632035,0.528138518,0.16883117,0.177489176,0.492307693,7.599999905,1,0.946274688
944,782,746,0.003712871,0.011138614,0.023514852,0.940594077,0.162210338,17.79999924,1,-0.452686161
4349,3628,651,0.001569859,0,0.11145997,0.819466233,0.266955271,15.89999962,0,0.475178783
4419,3654,308,,,,,,17.5,0,-1.60109274
5934,6380,430,0,0,0.004728132,0.981087446,0,17.5,1,-0.488975956
3419,2770,342,0.002976191,0,0.002976191,0.991071403,0.239316233,19.79999924,0,-0.060986038
5354,5352,511,0.024439918,0.521384954,0.136456206,0.242362529,0.317708336,7.900000095,1,0.130693411
4744,4330,430,0.024017468,0.021834061,0.098253272,0.823144078,0.081285447,7,1,0.990414019
239,171,632,0.009771987,0.353420198,0.166123778,0.415309459,0.499270067,16,1,-0.066027263
4249,3472,451,0.01978022,0.006593407,0.030769231,0.916483521,0.106753815,12.80000019,0,1.154826829
2159,1614,406,0,0,0.007575758,0.972222209,0.161209069,31.89999962,0,-0.242939465